<application>
  <component name="MaterialThemeConfig">
    <option name="arrowsStyle" value="Arrows" />
    <option name="allowDataCollection" value="true" />
    <option name="highlightColorEnabled" value="true" />
    <option name="isHighContrast" value="true" />
    <option name="isWizardShown" value="true" />
    <option name="pristineConfig" value="false" />
    <option name="indicatorStyle" value="Dot" />
    <option name="settingsSelectedTab" value="6" />
    <option name="accentColor" value="ff9800" />
    <option name="selectedTheme" value="DARKER" />
    <option name="userId" value="-779a5d58:172382d69df:-8000" />
    <option name="version" value="4.11.5" />
  </component>
</application>